<?xml version="1.0"?>
<projectProfile type="default" version="1.11.11">
  <projectDirectory>
    <projectProfileFile filesystemName=".zfproject.xml"/>
    <applicationDirectory classNamePrefix="Application_">
      <apisDirectory enabled="false"/>
      <configsDirectory>
        <applicationConfigFile type="ini"/>
      </configsDirectory>
      <controllersDirectory>
        <controllerFile controllerName="Index">
          <actionMethod actionName="index"/>
          <actionMethod actionName="search"/>
        </controllerFile>
        <controllerFile controllerName="Error"/>
        <controllerFile controllerName="Testimonials">
          <actionMethod actionName="index"/>
          <actionMethod actionName="add"/>
          <actionMethod actionName="search"/>
        </controllerFile>
        <controllerFile controllerName="Account">
          <actionMethod actionName="index"/>
          <actionMethod actionName="login"/>
          <actionMethod actionName="logout"/>
        </controllerFile>
        <controllerFile controllerName="AboutUs">
          <actionMethod actionName="index"/>
        </controllerFile>
        <controllerFile controllerName="Contact">
          <actionMethod actionName="index"/>
        </controllerFile>
        <controllerFile controllerName="UploadFile">
          <actionMethod actionName="index"/>
          <actionMethod actionName="submit"/>
        </controllerFile>
        <controllerFile controllerName="DataAnalysis">
          <actionMethod actionName="index"/>
        </controllerFile>
        <controllerFile controllerName="Sandbox">
          <actionMethod actionName="index"/>
          <actionMethod actionName="debug"/>
          <actionMethod actionName="listDirectory"/>
          <actionMethod actionName="mail"/>
        </controllerFile>
        <controllerFile controllerName="Audit">
          <actionMethod actionName="index"/>
        </controllerFile>
      </controllersDirectory>
      <formsDirectory enabled="false"/>
      <layoutsDirectory enabled="false"/>
      <modelsDirectory>
        <dbTableDirectory>
          <dbTableFile dbTableName="Testimonial"/>
          <dbTableFile dbTableName="Surgeon"/>
          <dbTableFile dbTableName="Audit"/>
          <dbTableFile dbTableName="Brand"/>
          <dbTableFile dbTableName="Endograft"/>
          <dbTableFile dbTableName="Image"/>
          <dbTableFile dbTableName="Institution"/>
          <dbTableFile dbTableName="Patient"/>
          <dbTableFile dbTableName="Series"/>
          <dbTableFile dbTableName="Study"/>
          <dbTableFile dbTableName="Cfd"/>
        </dbTableDirectory>
      </modelsDirectory>
      <modulesDirectory enabled="false"/>
      <viewsDirectory>
        <viewScriptsDirectory>
          <viewControllerScriptsDirectory forControllerName="Index">
            <viewScriptFile forActionName="index"/>
          </viewControllerScriptsDirectory>
          <viewControllerScriptsDirectory forControllerName="Error">
            <viewScriptFile forActionName="error"/>
          </viewControllerScriptsDirectory>
          <viewControllerScriptsDirectory forControllerName="Testimonials">
            <viewScriptFile forActionName="index"/>
          </viewControllerScriptsDirectory>
          <viewControllerScriptsDirectory forControllerName="Testimonials">
            <viewScriptFile forActionName="testimonials"/>
          </viewControllerScriptsDirectory>
          <viewControllerScriptsDirectory forControllerName="Account">
            <viewScriptFile forActionName="index"/>
          </viewControllerScriptsDirectory>
          <viewControllerScriptsDirectory forControllerName="AboutUs">
            <viewScriptFile forActionName="index"/>
          </viewControllerScriptsDirectory>
          <viewControllerScriptsDirectory forControllerName="Contact">
            <viewScriptFile forActionName="index"/>
          </viewControllerScriptsDirectory>
          <viewControllerScriptsDirectory forControllerName="Testimonials">
            <viewScriptFile forActionName="add"/>
          </viewControllerScriptsDirectory>
          <viewControllerScriptsDirectory forControllerName="Index">
            <viewScriptFile forActionName="search"/>
          </viewControllerScriptsDirectory>
          <viewControllerScriptsDirectory forControllerName="Testimonials">
            <viewScriptFile forActionName="search"/>
          </viewControllerScriptsDirectory>
          <viewControllerScriptsDirectory forControllerName="UploadFile">
            <viewScriptFile forActionName="index"/>
          </viewControllerScriptsDirectory>
          <viewControllerScriptsDirectory forControllerName="UploadFile">
            <viewScriptFile forActionName="submit"/>
          </viewControllerScriptsDirectory>
          <viewControllerScriptsDirectory forControllerName="DataAnalysis">
            <viewScriptFile forActionName="index"/>
          </viewControllerScriptsDirectory>
          <viewControllerScriptsDirectory forControllerName="Sandbox">
            <viewScriptFile forActionName="index"/>
          </viewControllerScriptsDirectory>
          <viewControllerScriptsDirectory forControllerName="Sandbox">
            <viewScriptFile forActionName="debug"/>
          </viewControllerScriptsDirectory>
          <viewControllerScriptsDirectory forControllerName="Account">
            <viewScriptFile forActionName="login"/>
          </viewControllerScriptsDirectory>
          <viewControllerScriptsDirectory forControllerName="Account">
            <viewScriptFile forActionName="logout"/>
          </viewControllerScriptsDirectory>
          <viewControllerScriptsDirectory forControllerName="Sandbox">
            <viewScriptFile forActionName="listDirectory"/>
          </viewControllerScriptsDirectory>
          <viewControllerScriptsDirectory forControllerName="Sandbox">
            <viewScriptFile forActionName="mail"/>
          </viewControllerScriptsDirectory>
          <viewControllerScriptsDirectory forControllerName="Audit">
            <viewScriptFile forActionName="index"/>
          </viewControllerScriptsDirectory>
        </viewScriptsDirectory>
        <viewHelpersDirectory/>
        <viewFiltersDirectory enabled="false"/>
      </viewsDirectory>
      <bootstrapFile filesystemName="Bootstrap.php"/>
    </applicationDirectory>
    <dataDirectory enabled="false">
      <cacheDirectory enabled="false"/>
      <searchIndexesDirectory enabled="false"/>
      <localesDirectory enabled="false"/>
      <logsDirectory enabled="false"/>
      <sessionsDirectory enabled="false"/>
      <uploadsDirectory enabled="false"/>
    </dataDirectory>
    <docsDirectory>
      <file filesystemName="README.txt"/>
    </docsDirectory>
    <libraryDirectory>
      <zfStandardLibraryDirectory enabled="false"/>
    </libraryDirectory>
    <publicDirectory>
      <publicStylesheetsDirectory enabled="false"/>
      <publicScriptsDirectory enabled="false"/>
      <publicImagesDirectory enabled="false"/>
      <publicIndexFile filesystemName="index.php"/>
      <htaccessFile filesystemName=".htaccess"/>
    </publicDirectory>
    <projectProvidersDirectory enabled="false"/>
    <temporaryDirectory enabled="false"/>
    <testsDirectory>
      <testPHPUnitConfigFile filesystemName="phpunit.xml"/>
      <testPHPUnitBootstrapFile filesystemName="bootstrap.php"/>
      <testApplicationDirectory>
        <testApplicationControllerDirectory>
          <testApplicationControllerFile forControllerName="Index"/>
        </testApplicationControllerDirectory>
      </testApplicationDirectory>
      <testLibraryDirectory/>
    </testsDirectory>
  </projectDirectory>
</projectProfile>
